{
  "clusters": [
    {
      "center_srgb": [
        0.004703974351286888,
        0.2072550654411316,
        0.43442070484161377
      ],
      "weight": 0.4992386216231459,
      "size": 1770400
    },
    {
      "center_srgb": [
        0.7666720151901245,
        0.45844411849975586,
        0.9733440279960632
      ],
      "weight": 0.5007613783768541,
      "size": 1775800
    }
  ],
  "palette_aware_average_srgb": [
    0.5611185431480408,
    0.36009883880615234,
    0.7673453688621521
  ],
  "debug": {
    "num_clusters": 2
  }
}